[�½�ũ��],��Ʈ ������ ����
������,������
������,2025.02.21
������ǥ��,2025.03.31(�⺻���)
,
[�½�ũ����],
���� �� �÷��̸� ���� ������ ���� �񰳹��ڵ� �۾��� �� �ִ� ������ ������ ��Ʈ �ý��� ����,
,
[�½�ũ����],
������ ������� �ʿ��� �Էºκ�,
"�� ���� ����, ��Ƽ��Ʈ��, BPM, ����",
������ ����ڰ� ��Ʈ �Է��� �� ����� U I�� ���,
"�� ��Ʈ, �ϸ�ũ, ��������, ����Ű, ���� ��ũ ����, ���� ����, ��Ʈ�δ� ���, �۾� ������ ����, ������ ��������",
������ ����ȭ �� ���� ���,
�� JSON ������ ��������(���� ���� ��û�� �̸� �����帮�ڽ��ϴ�),
,
[�ʼ��䱸����],
������ �� ���,
���� ���� ���� �� ���� �ľ� �� �ð�ȭ,
"BPM, ���� �Է� �� ��Ʈ �Է��� ���� ���� ���� ���̵���� ����",
"���� ����� ���õ� ����Ű (���, ����, ������, ������)",
��Ʈ ���� ( ���콺or Ű���� Ȱ��//��ǥ���� ��ġ ���),
�۾� ������ ����(���� �� ��������),
,
,
[���ÿ䱸����],
���� ���� ���� �� ���� �κ� ī�޶� ����,
"ī�޶� ���� ����(�⺻����,���ʵڴ밢��, ������ �� �밢��)",
������ ����ڰ� �ش� ��Ʈ�� �յڷ� ���������ϰ� �Ͽ� ���� ���� Ÿ�ְ̹� �뷡�� �´� �̼� Ÿ�̹� ������ �����ϰ� ����,
���� ��ũ ����,
�ϸ�ũ ���(�������� �ϸ�ũ�� �̵�),
�۾� ���� ����(N�и��� �ڵ�����//on off���),
"���� ����(���� ����, ����ó�� �� �� �ְ�)",
��Ʈ�δ� ���(����ϴ� Ÿ�̹����� ���� �� �ֵ���),
,
[������ȹ],
���� ����,
